metrics,value
accuracy,0.9787545787545787
precision,1.0
recall,0.5538461538461539
f1score,0.712871287128713
auc,0.843775147928994
